yahoo_ticker,momentum_3m,momentum_6m,momentum_12m,rsi,dist_sma200
ASML.AS,0.3040701467952769,0.3584349716997508,1.653544664525446,46.029699580082756,0.3487094146151857
HSBA.L,0.029068951846543234,0.09287570863886763,0.41529252722292975,46.67449790250306,0.09508055780808311
NOVN.SW,0.08320416700317712,0.13413776614226602,0.3883285368735587,51.84466278308814,0.11033305225187928
ROP.SW,0.046973497235426986,-0.010797077946869016,0.33176732135341713,52.94118927022821,0.051829168719878416
NESN.SW,0.12048834603920433,0.18863801705934158,0.14452270809940937,57.50001283790277,0.09977946086615219
AZN.L,-0.03181427343078247,-0.004905248972400522,0.2510945945628249,46.12732429877088,-0.020971707371073012
SHELL.AS,0.012224382565109604,0.2583188167919581,0.2942903033462394,88.93719649447168,0.1162883632388596
SIE.DE,0.10990139963346301,0.06935387640213952,0.21165258214484473,47.005428362070255,0.103546260373228
SAN.MC,0.1639980684918907,0.13049709452485203,0.6034987307292417,43.506498197926675,0.17478457718192253
TTE.PA,-0.04131985047793574,0.2965319535157118,0.49245737462946226,78.079856461129,0.12757066277561036
ALV.DE,0.13048157162185414,0.19189426703146228,0.27715283163451376,61.98083534346418,0.15360014783261966
SU.PA,-0.012620548038048462,0.17761437732681995,0.14870366244975508,40.32756530034315,0.06605319885819028
UBSG.SW,0.2693340158554256,0.18657480365265688,0.5225996670807092,63.537897685384486,0.25903422289760414
NOVO B.CO,0.24554084329044112,-0.14413991196492226,-0.2242792141217007,54.75968178855587,0.09745766896970953
ABBN.SW,0.08733158522167717,0.36684378304452236,0.5714768679149054,38.396622978451624,0.18100915238568405
SAP.DE,-0.0172882448361249,-0.2716627263283182,-0.4443739453719836,39.9509698507591,-0.22250628826842722
RR..L,-0.028677114224579636,-0.02848466999612309,0.14394489161808388,93.1350951375932,0.04648423826928583
IBE.MC,0.0855085300319256,0.18011838451517947,0.4354340705325008,57.4244820049485,0.1361456972943218
BBVA.MC,0.20953911465087027,0.09335853696013996,0.8222242686151477,57.31130526472999,0.18651457616461342
ENR.DE,-0.13446390273907782,0.15559790017448027,0.6411352380373556,45.42857827945258,0.10690161900563488
UCG.MI,0.2758728820882643,0.16253444685011065,0.48429512875180225,61.100693659159425,0.20269393641711764
MC.PA,0.023898478995457273,-0.18321886640461937,0.004207605593898656,48.92396033037781,-0.10139942026461413
SAF.PA,0.17325124816233628,0.069729033965378,0.17959316443294293,29.0064228748833,0.06554651385937582
ULVR.L,0.029552709641045505,-0.09388758157439936,-0.07706428548491306,46.23064495367807,-0.061398277569509774
AIR.PA,0.15449568959181104,-0.04364065060487099,0.09726579579882588,44.0766449407348,0.03523160514472967
CFR.SW,0.26371504161140646,0.26209543797906165,0.3919647836219988,69.17902294365528,0.21848607058255376
BATS.L,0.0062761874372043724,0.0003724050982032434,0.11048589390387753,47.42039022750259,-0.00030873775638196044
AI.PA,0.05624280393933434,0.26225048440048315,0.15578849544027262,50.569482943897476,0.13764372219637577
BNP.PA,0.19485387242594432,0.22136104527235534,0.41488996149733914,61.1656402090547,0.2429218465090517
ZURN.SW,0.09513662276050061,0.14578660017452716,0.17176160758167258,64.30972902101496,0.12384518949490331
BP..L,0.061018316952521356,0.1860885913906567,0.2961731390700688,59.99679738122145,0.10917467933374425
ISP.MI,0.15995076925214957,0.12680936344342708,0.38392537744651634,70.27320410965686,0.14706403097038812
DTE.DE,-0.031601918544645224,0.02511959652107376,-0.09696645726523223,77.11669921235652,-0.05184091466619478
GSK.L,-0.05891088118593413,0.05560855656633712,0.36555105718996694,46.24532204030048,-0.00821382374766022
OR.PA,0.025884943626586,-0.004315414059579581,0.02903349544068412,47.741261133900075,0.02942935046555295
IFX.DE,0.26410504911485444,0.5958423409236753,0.8959113220563788,32.01512394361171,0.37522615191146724
RIO.L,0.0013548299688388443,0.12423537157005282,0.5668378859485601,52.60057147901637,0.12122147349820112
SAN.PA,-0.008147291506162668,0.01672367748190462,-0.04718738292554425,65.6904206457742,-0.004082689817154872
BARC.L,0.022754052717766315,-0.09681452674478452,0.21047889608799664,42.2073866917352,-0.022902354827499027
INGA.AS,0.20741355663319982,0.21802293992198418,0.5159581906137933,65.62501241764068,0.218278388187106
ENEL.MI,0.023126592343285735,0.11951538475706935,0.3259255518862838,56.41641561491835,0.09008786084518139
LLOY.L,0.004807213223285256,-0.033316591968649445,0.24340342150208438,42.869869317510535,-0.0009989255859611523
CS.PA,0.1456554205048215,0.23541690073739652,0.11909425912950744,68.1671938955117,0.16192166237784322
NG..L,-0.041095903581190196,-0.1152864335747209,0.1666478537151681,72.53979109992548,-0.0044706581481973595
ABI.BR,0.17431279465651994,0.22578297570069905,0.2234278005018726,52.410892581665976,0.1702973771831897
DG.PA,-0.09614655330102717,0.037616708235776564,-0.00914924376003412,34.316332391351764,-0.032382830764465464
BA..L,-0.01780717374713814,-0.04844343560607767,0.09707253198055077,61.0333463908703,-0.0009496071567705044
INVE B.ST,0.058960294919203404,0.08028989546373544,0.38637820456763494,46.68998664051934,0.1055055445315054
MUV2.DE,-0.06010502612922919,0.026009044849790275,-0.09327781438104599,56.60640113954988,-0.010997616866907034
NWG.L,-0.02381782576222835,-0.12492364037371051,0.08999733346287653,41.73137915516175,-0.06757097102533405
DBK.DE,0.1798354457817417,-0.03829282302042991,0.216244681914185,58.33890761176449,0.07090453778204941
ITX.MC,0.026664532286094778,-0.006022257462842351,0.2883408719202021,41.6666605059797,0.03520431801892476
RMS.PA,0.0011947431302270495,-0.20558967836483,-0.29019354176971857,61.70520231213873,-0.11386466795567207
GLEN.L,0.009865466924046329,0.14862798304724967,0.7446056882580372,53.34640239376114,0.17406558137225359
NDA FI.HE,0.08578833208934755,0.07093467973367162,0.3933398106348076,47.8341850012806,0.10462137074644051
GLE.PA,0.11788728970738571,0.10192193549128259,0.5477802962207321,49.97052993515687,0.15467846916373862
DHL.DE,0.23817193580527318,0.26968895112383273,0.5223893084068516,64.92246593480198,0.23781487598474693
REL.L,0.0007417942744532002,-0.07634372125326483,-0.3146699932719854,54.4509747537609,-0.01731163589440199
NOKIA.HE,0.0674994563222,0.7094468064854853,1.3320560095273253,32.78800738370984,0.2264562964736101
EL.PA,-0.11566165100097381,-0.36710411118036235,-0.32072047704694184,39.80446588062599,-0.277578827167973
ENGI.PA,-0.012165207903602315,0.1854017505156773,0.4406865021572526,54.54545454545451,0.11445635494522133
PRX.AS,-0.0764139421265887,-0.2430966583327696,-0.2528568464123184,49.72874951609223,-0.18426668953938663
LSEG.L,-0.0368294635708567,0.09775000245058951,-0.04602913378943996,56.654825061326605,0.09276009796222828
VOLV B.ST,0.012578616352201255,-0.03066934579411773,0.20799426828466894,42.587643795164624,0.06326502775582998
CPG.L,-0.06068164179922986,0.2617240844635822,0.09028565171170899,41.64261719277705,0.08108183819134807
DB1.DE,-0.032446582883973396,0.19904296688535728,-0.013474922342133766,61.974398149530025,0.09315991435081661
ARGX.BR,0.11030051487168646,0.08869814020028621,0.5099206349206349,37.632790778230365,0.06642078006655061
BAYN.DE,0.19046417453727726,0.07927516375531218,0.6739662374753519,44.842100979989056,0.25583990737571627
BN.PA,0.08625379865997784,0.08370758093429687,0.1077250981597202,46.428601163331955,0.027137967581320144
AAL.L,-0.02841677943166443,0.06279705109783018,0.5643636782989518,47.67956082474082,0.0732937929835058
RHM.DE,-0.28280979275193907,-0.4364218753195447,-0.43214031109860696,42.08422815933465,-0.3298443664884413
ASM.AS,0.0637780963732637,0.27020947441229604,1.1235663607216426,38.913365027002754,0.2719722752818614
STAN.L,0.07724975533744094,0.02655236631568969,0.3950465109738317,45.15965555451523,0.061896648257333986
G.MI,0.17272925569715802,0.30859205779582366,0.40072895314113643,50.0,0.20414664842302233
DSV.CO,-0.07506623491315867,-0.09520507548926238,0.03779178043794462,47.47728695127095,0.004533230219640805
LONN.SW,0.11726991496666561,0.05026665792291607,0.0016227072105785556,51.863372285879464,0.08270554408310504
HOLN.SW,0.058227533942409204,-0.011606103924640232,0.2054272043221177,54.993520947945434,0.04122163011553326
ATCO A.ST,0.0461450455292709,-0.014948984617472738,0.2975392760922635,43.34631817039458,0.03858611548010793
CABK.MC,0.2345914847501418,0.25856002494155006,0.7306122271703497,60.99476727348979,0.24668361247622284
EOAN.DE,0.018607144678735477,0.16155369991101054,0.24232892321252453,70.1613043812649,0.10837514005202098
ENI.MI,-0.04765025901740283,0.3574734578443657,0.6324534477510604,71.77912215214319,0.14250688462494887
SREN.SW,-0.013123358979387878,0.11560924420701002,-0.02194232586749012,55.03212509181398,0.03905194657984179
BAS.DE,-0.07259201713566432,0.0813114941953712,0.11783580825495665,60.892617023609525,0.043797815668797924
DGE.L,0.008032708528335597,-0.1158200297469324,-0.25030307480014613,49.41751057250559,-0.08610644138320056
RACE.MI,0.06342976462102268,0.14021981915747905,-0.23141723068122877,44.00766597419317,0.04056055980036577
PRY.MI,0.06285711794483428,0.3575908453485164,1.0840551210069904,36.33473518078919,0.1939176636112856
STMMI.MI,0.3371262630065095,1.3319894681293296,1.05363857746829,39.10122148810354,0.6092711507937563
RKT.L,-0.012570710245128902,-0.2477054066528671,-0.18911176783057904,38.63217201892033,-0.15592017457544316
SGO.PA,-0.018988377720749683,-0.09721015935109445,-0.2507242260065494,36.07428236648814,-0.05882089860477435
HLN.L,-0.031250016109362844,-0.0938764426755434,-0.05836719729956796,46.03290811672453,-0.05044963865953489
LR.PA,-0.07352919364593857,0.11139590226929563,0.11897455795402223,33.041557373108176,-0.007471588108887817
SAND.ST,-0.10238185221164209,0.0968095489195906,0.48568676792502363,31.760286714492054,0.021534048134065342
RWE.DE,-0.022325268319374203,0.1549140144251968,0.6099751324638942,60.62992066856325,0.14218803174123207
TSCO.L,-0.02047675503426505,0.16348016561551493,0.12205738768586638,52.57812140023938,0.05111663355818896
SSE.L,-0.006072106261859611,0.12790697674418605,0.41351956214908414,53.65504576569388,0.11295078836781647
EBS.VI,0.156999969482422,0.07324589752301858,0.5427465065482417,50.19762535949363,0.1614515867812094
GALD.SW,0.15482431772614724,0.14618944459668048,0.4250924108561758,43.967250682433466,0.1253327394624364
MBG.DE,-0.1103203169049457,-0.181100547472681,-0.10716572527798895,57.638884875107166,-0.12552839132155857
ADS.DE,0.3282327769124076,0.20320734779190075,-0.08262585874401895,48.370501467514465,0.14146967033764102
PRU.L,-0.023080337328007072,-0.042504704211640876,0.1779813186006225,53.434994969678534,0.012591464136696429
ORA.PA,-0.0764917546692665,0.10796276532630489,0.27006764587435783,58.37005543500408,0.03130694127899214
DANSKE.CO,0.007857255295931731,0.1137531800119922,0.38727598354376647,44.446184531484946,0.07437459363662424
AD.AS,-0.13999034888984563,0.09916605909434106,0.05725984841930809,53.69368774920081,-0.026233101024817018
SDZ.SW,0.0347286490506904,0.10269645378466707,0.5034761164533601,31.93030002712922,0.09753890468604132
SWED A.ST,0.08914607104094818,0.0783221191399559,0.45469063616892913,46.719991535462015,0.12562664183366423
ALC.SW,-0.09328815033543536,-0.10343684376886864,-0.19530622090902738,60.16096950122249,-0.05868079900216361
SEB A.ST,0.06946001480737607,0.02709028545657044,0.17271361371924954,40.87788458191365,0.05130976893377337
III.L,-0.02435781348266175,-0.2205837937012991,-0.38132517808421973,49.103686625865706,-0.16043607459755993
ASSA B.ST,0.004712830938190304,-0.12785148053550388,0.07941517942248044,48.13600761532983,-0.022198155041655676
UCB.BR,-0.010031680237083007,-0.05821085735969067,0.3686735994847792,35.50187629100478,-0.023431761058531952
SLHN.SW,0.040650407600905325,0.1438914202956838,0.19860172220039884,81.11881993158114,0.110101311925773
EXPN.L,-0.004011701166109383,-0.09838237483693113,-0.3266455030532315,51.5240499328753,-0.06871750909222862
SIKA.SW,0.024326080208859846,0.09606410227646855,-0.21255740968518455,31.578972500784644,0.028311566057637183
GIVN.SW,0.18067226890756305,0.10956241503078723,-0.08134582317573635,42.61603375527426,0.10251405922723977
FER.MC,-0.060618545295324844,-0.01808294185768211,0.2564618453939824,26.567158060629794,-0.01858069281831587
ADYEN.AS,-0.11852567234758438,-0.4267645088798262,-0.47389686154335653,42.35231969034311,-0.26340881081251877
EQNR.OL,0.06748988779011844,0.5074337060869758,0.4483822741864367,81.6685965762245,0.2522256226664119
REP.MC,0.21659777995687612,0.630147825803355,0.9403378582399151,84.66555662206905,0.3350417666522054
KBC.BR,0.10930119032390784,0.08700129573875137,0.41638774978147053,57.458576810095046,0.12606389339976043
MT.AS,0.11982870805379808,0.2544253243990957,1.0471844026705628,65.8965793637138,0.24627751515040286
ERIC B.ST,0.06694916547355012,0.2795791848888063,0.8153679329128709,63.82869982014286,0.26426374774132855
BMPS.MI,0.3711043121408162,0.39470717396410193,0.7847302912292382,64.74360502684658,0.3900052402220182
VOD.L,0.02063620501589969,0.1407975783851776,0.3957823599154686,57.78417399621165,0.13605681375355072
VIE.PA,0.07242948570092,0.27467346609530496,0.24354334533724198,57.391300886470496,0.15940366006664553
ACS.MC,-0.034337549926141464,0.25744171042268693,0.9906008853590631,33.68420545413808,0.16485094351981644
IMB.L,0.017154132345130524,-0.06850287458984039,-0.027424525934639954,51.18978217088556,-0.06398192013084159
ABN.AS,0.3397353183048617,0.2792312081485202,0.6256242844811783,61.63637914735325,0.2899244480084038
SAMPO.HE,0.07145879489127038,0.013689415421254125,0.0535596145609023,65.58560447179669,0.03905937320749109
ML.PA,0.1444344925518808,0.1721694636891955,0.18311023271578608,61.69355800075832,0.18513141592526194
VWS.CO,-0.01044659196594655,0.04760505312405505,0.5777079753590884,51.13729384875311,0.1301477557280064
AV..L,-0.03826530537770123,-0.048181092001635784,-0.09914942300538543,67.85011028708787,-0.055327614443483775
DTG.DE,0.02976905705088506,0.07463758656553243,0.019073751503036362,58.08001708984373,0.11308589386673407
DNB.OL,0.01894591881251606,0.1291911992562751,0.2152457532326597,57.738028199715906,0.08586543749524145
EQT.ST,-0.01365066110750035,-0.11192666397112239,-0.04461352768002469,70.20461221398057,0.017024599105768035
RYA.IR,0.04107290516208795,-0.1443334631399137,0.007180249441822273,33.07209422186719,-0.054817238646236666
PKO.WA,0.1063915577857033,0.2466224160600594,0.4479665275057063,61.407249553663995,0.20965610926945177
AMS.MC,0.0019580798233309604,-0.13315502361767362,-0.29944353156479697,37.97071701534302,-0.10978596152207609
HEI.DE,-0.06482330959827798,-0.2673731072721657,-0.12517236860842473,58.15084363239183,-0.11150055386928037
A5G.IR,0.11895369828947411,0.23934143140486075,0.6988911925898149,72.35772231651268,0.20154895854523147
HEIA.AS,0.14018966529142363,0.1318034516330866,0.001312620017355881,62.62833482553044,0.10016919191772211
HO.PA,-0.06154747167695074,-0.09402370005920313,-0.047261733088938884,44.49649029959041,-0.06115121304807147
PUB.PA,0.16184584682007763,0.03933558546076066,0.08338786594421665,55.10203854661848,0.09406568622516032
IHG.L,-0.006849315068493178,0.06548215973980076,0.25537808562874065,41.54002586772772,0.02787530477811817
BPE.MI,0.18716510362715555,0.21432896782557398,0.8896794995242232,50.482319056566595,0.21407786315007615
VACN.SW,0.2122452003907329,0.39708263759960105,1.0551317790395291,47.27104830556874,0.4044791870502873
UMG.AS,-0.06519258725559307,-0.10739809332651284,-0.3262360519735247,39.17321785126152,-0.08181132257033485
NXT.L,-0.01849055849965009,-0.032366061290478476,0.06719828831252017,43.64331087108437,-0.03584842129246324
NN.AS,0.1147393131325476,0.2546803732166525,0.4356950727815816,83.7499026459635,0.1887109979841961
LDO.MI,-0.05503640097666096,-0.09691662052184458,0.06291279662236726,56.91285372738788,-0.04062842995778482
NSIS B.CO,0.08828167515682361,0.007540759079276427,-0.0612372531326546,47.17286614104905,0.053598216452960035
ACA.PA,0.1249265259200174,0.10530955424054089,0.184550464810175,63.0434800636556,0.11568808394160812
GEBN.SW,-0.04399258372082948,-0.11933191983927693,-0.1432570126340651,36.647752149015766,-0.08603563175157714
PKN.WA,0.2369972830058602,0.6002317347249637,0.9682743654077746,95.83671984818449,0.34855543843968273
LGEN.L,0.011106654998727317,-0.012204577186538446,-0.004647999592924501,31.000061322538983,-0.017592801881417652
BMW.DE,-0.24705786342100855,-0.3056352620008782,-0.2958645136833351,47.619051223256925,-0.25054561681789855
SHB A.ST,0.07522293274761038,0.11775805920279758,0.31058628424046764,47.8068722376678,0.11808788109742929
MTX.DE,0.11996353742034382,-0.09987014284287288,-0.1188030681082487,24.99999999999993,-0.0273917807702877
KNEBV.HE,-0.16377513405047528,-0.1904994557240779,-0.09131044384421327,35.060977028070624,-0.131819946882069
AENA.MC,0.06102522394857024,0.06347153049752441,0.15702812988329296,40.13156945355065,0.07573239345980443
PHIA.AS,0.021448725953999492,-0.04463323340309122,0.09536625626852002,42.79280362911539,-0.001444381968089825
MRK.DE,0.21851248444822358,0.06335152580502079,0.21579983696462302,22.33772204475376,0.11416581163426587
BESI.AS,0.0004779223497473062,0.3823745826734348,1.065888623902835,34.67261729056635,0.2323142829078717
HBAN.SW,-0.0071619185741563784,0.1264893677349821,0.14385559793224711,71.73910159022915,0.0851466921930697
CBK.DE,0.12408736315294133,0.10960181442818007,0.31569755257590204,53.333329647632155,0.11679875547058494
KER.PA,0.06515081677925005,-0.09421290873271515,0.14823584794962197,54.11290814799645,-0.0763850553731571
PGHN.SW,-0.244083432972091,-0.3296829811747499,-0.36486869286419077,50.0,-0.20626088387619035
SGSN.SW,0.07902601741037318,0.04542759196404367,0.17227547365039686,51.589255052141866,0.06804650318017935
SCMN.SW,-0.051632498101746416,0.08308939900007117,0.1647586063069355,60.38961038961039,0.009089493880710675
BAMI.MI,0.29431159613709235,0.299577042165452,0.6446065366110958,66.21620576689615,0.25061885106557935
FRE.DE,0.10432958628641709,-0.07247252912148927,0.07322166548560483,66.1501898936477,-0.011792277239287663
ANTO.L,-0.03662506782419972,-0.009117006235283998,0.7642936555267517,46.59451211549739,0.022853393875491568
BAER.SW,0.11072665480938637,0.11425182970950587,0.3487667518385196,52.42841499941805,0.1614200681889526
KPN.AS,-0.09213624281321464,0.12259755495835356,0.10065296214964925,54.47152895640935,-0.0029301917529658272
BIRG.IR,0.11779215722716319,0.14072300657492587,0.5100378044963838,62.26015776108744,0.134706583411776
HLMA.L,0.02235766059447286,0.24436500260257477,0.3981235916456214,57.241202407822016,0.17524594392966453
GMAB.CO,-0.04590256265840609,-0.17082721488007835,0.19337794998238822,44.92973794151159,-0.09446751188377756
SAB.MC,0.19972197088472932,0.18003607885535566,0.34491058463521385,63.65347866535923,0.16182921451263832
CAP.PA,-0.07807480447166903,-0.3177075769756439,-0.307782445547237,47.79806773934354,-0.19679786348641892
VNA.DE,-0.05364171495382064,-0.09230846980747953,-0.21843049438446704,43.317976400746964,-0.09347361308701119
HEXA B.ST,0.22798762083255286,-0.06837902687233055,-0.16385163059115193,51.87378924503119,-0.08981999573864241
SAAB B.ST,0.09723355922921151,-0.17725670620786216,-0.0008634093624235728,47.23800429722957,-0.046894724734026894
VOW3.DE,-0.12475093627146172,-0.2655554687355689,-0.190357894848052,57.999992370605476,-0.1669022617347905
HNR1.DE,-0.05889993403243787,0.09861634622311377,-0.04074828582782153,54.06977079441933,0.015202826807577008
EPI A.ST,-0.01173885596252,0.008317071933791498,0.3980513717461098,55.41964625050923,0.13371364010440123
BT.A.L,-0.0714285714285714,-0.03310937667259117,-0.0502982546579277,74.01993704338187,0.02997053979015929
ALFA.ST,0.013111294975681753,0.15557052437313112,0.3541587276324032,41.76333515305873,0.1280707982315099
DSFIR.AS,0.3455456561485153,0.3218247203739153,-0.014100352650322057,54.767722968788476,0.24869811695880562
WRT1V.HE,-0.17587248490998408,-0.052972568940537035,0.3887886435058172,33.557052134630666,-0.04786140727489696
TRN.MI,0.020994559855249006,0.16151199002542915,0.2250487126016869,52.329734892118545,0.08751803614050302
WKL.AS,-0.06437032695334466,-0.2611558514387009,-0.5375789181072737,60.02885518352932,-0.19568356536317866
ESSITY B.ST,0.0518429268002063,-0.03472312966653235,0.10475852941195551,42.76888635044817,0.006452038084344469
FBK.MI,0.12819662996685577,0.08922347156335575,0.32093545076358265,69.40506976136004,0.14755448637752977
INF.L,0.006750049905408728,-0.11862549601845795,-0.06450078558321848,29.739560862189123,-0.06460653429386765
EDP.LS,0.04765294435740253,0.1269981362420345,0.23843356498388513,52.366871626954875,0.09303477990349207
DSY.PA,-0.056506719768466995,-0.23241563278351085,-0.3896441495711491,43.6079514667059,-0.1394427344780257
STMN.SW,0.10765446151382019,0.026898171586371866,-0.04547933340818322,28.096526537189206,0.07395194678757444
BG.VI,0.19045994513282571,0.3265867750324314,0.6880479795531789,42.948723591764555,0.3146336622100099
TIT.MI,0.16237496386886074,0.33182916949069785,0.8892171758584213,20.53229319518539,0.24592885816843602
TEF.MC,-0.05286751242646526,0.11353230672939696,-0.1704015835846644,57.59717671718397,-0.012520147125543946
BOL.ST,-0.098099447814881,-0.17305390521003416,0.6306601364204427,29.9875227978157,-0.08192973129205805
NESTE.HE,0.325450849041502,0.6785811480070396,1.5470784928870902,84.65406122176256,0.4380628987517814
KRZ.IR,0.2148148148148148,0.12721420176727127,-0.07105033183799447,48.771937151022684,0.10411213170808264
IAG.L,-0.011692781659582763,-0.11092516695391297,-0.005495456635939533,39.71256108381472,-0.08684166028816631
SHL.DE,-0.03808737003304585,-0.1967415816310264,-0.23835493677591113,50.93457083183549,-0.12966968787615762
EN.PA,-0.05107610308923516,0.10065117290423808,0.2851337530738671,51.79154106329416,0.04767556119187044
RTO.L,-0.0026109415724134832,0.033202820429855784,0.33917955013853396,58.99037271588965,0.10547514991766005
PST.MI,0.2777846584651238,0.28299066966855047,0.5746782416164318,19.26227778203352,0.2338232716634605
ELE.MC,0.07483829485253257,0.3629683351743802,0.650453270729384,73.57268787683029,0.2246973124116105
SGRO.L,-0.01636103749779616,-0.04383278867521723,0.06848846995455316,21.313411457276644,-0.053740981584174286
RI.PA,-0.012465790666482901,-0.15107158998603043,-0.3313789565900789,59.86754167175081,-0.09702849759166132
LOGN.SW,0.09627332503788044,0.16887413489059422,0.11708328353728592,74.87308157972831,0.03940017514924721
SRG.MI,-0.06759044303096473,0.11508712290260803,0.25500768680191177,48.18184248342457,0.05173632492475844
CCH.L,0.03429261740438583,0.1087404038745794,0.08475858405740344,42.02468083424216,0.036879526928408346
UPM.HE,-0.10895978825388986,0.03669736983001992,0.07730508412846171,63.953475477631855,-0.026449060115302347
KNIN.SW,0.13799746694853043,0.2129706961422959,0.2530167214363095,64.4518119165482,0.2209803842989937
CLNX.MC,-0.14474560178479778,-0.04151369851149944,-0.22621457112873755,38.27934470278367,-0.10981230986816914
SCHP.SW,-0.05743742913455585,-0.12749006926215745,-0.12224444703943249,35.02538228336759,-0.07669646392206497
UU..L,-0.02718596714856636,-0.030391867912778814,0.16566622404811926,77.24733379223954,0.034178461180614184
KRX.IR,-0.054171929491855786,0.0752575211669777,0.022506734682327556,41.51515796054177,0.011177517828368178
FGR.PA,-0.08011031959324799,0.04584504142975154,0.08789352071674328,41.10576279417632,0.0016062897528472675
SN..L,0.018197958277851756,-0.12862281544196397,-0.1473324647148705,60.93252755754967,-0.04587643917038242
ENX.PA,0.03157923837109866,0.2343320978992065,0.02174803851407736,65.46389806512505,0.114737804165298
SY1.DE,0.2023323253726781,0.21781022800404615,-0.002864960395751903,42.15976005801042,0.17186494938139774
SOON.SW,0.10961762898214089,-0.05588290494366832,-0.10555168320411834,57.184766086280604,0.020868843634889167
CARL B.CO,0.16211524401562238,0.12670909396616747,0.07442621726723941,52.801374068345865,0.12024128763100528
HEN3.DE,0.18799946425094016,0.06807930724500766,0.12190327370545884,51.62036342058277,0.07815599885254554
URW.PA,0.03688354128056037,0.18970785829334647,0.31497066143637475,62.13591873438011,0.11219401786264704
SPSN.SW,-0.025792189231477636,0.0849669151085981,0.17616428447891308,55.844162278116045,0.051787597926953755
MONC.MI,-0.029958744110520796,0.07040379301315847,0.06185428028101869,51.61289613739942,-0.007866567672451641
AGS.BR,0.07640441622427585,0.23877727931816994,0.2845547201021239,56.800012695358994,0.16259292079026055
KOG.OL,-0.08774408265053801,-0.14819863120990184,-0.11911954900602839,32.696624859884935,-0.110959366911068
ITRK.L,-0.0012473403272387218,0.059550062318104224,-0.021866689205818135,16.095126577970518,-0.001720375097030491
ADM.L,0.011802896896511816,0.2939622982302874,0.026367248889017647,45.708099828324485,0.07032558261787814
DPLM.L,-0.0028591939640495445,0.2624434053219611,0.3173850117693431,49.43545582845025,0.16194941916528327
STLAM.MI,-0.29393769040418916,-0.39518817007661655,-0.3556655193976399,47.77777409848008,-0.3120602061198524
CA.PA,0.06491661175709518,0.26634571030680587,0.3503455199142689,64.84516601750798,0.14690975229964542
NHY.OL,-0.18903095390408076,0.03416087122429001,0.41559681876959753,37.84994888825002,-0.028798379639360716
UNI.MI,0.2392933120997831,0.41515397302395796,0.6561126515579936,58.07087235017161,0.302346627878215
KGH.WA,-0.05009207956794681,-0.03791762794226983,1.359296093979442,40.02695857531936,0.08393648760458072
BNZL.L,-0.007355979742315166,0.18027207897765707,0.04888552909253119,41.964870982623516,0.05529201340348466
NTGY.MC,0.0385174218136084,0.12767306961873603,0.1119782088900958,67.36842052427993,0.08522257337066241
METSO.HE,-0.019293449789978045,-0.034636185853678336,0.35920962544956514,53.56125332902957,0.02140919079360648
LISP.SW,-0.05025380710659899,-0.1406536150109321,-0.2941765914241843,46.948356807511736,-0.14016160007636902
ASRNL.AS,0.13512008688086952,0.1906381416134899,0.2751788176779306,85.05749814380674,0.16027402069764385
PEO.WA,0.05804640664076488,0.24443010794180586,0.33702830754996405,56.4285594914322,0.17102158041600446
SOBI.ST,0.12918896013609737,0.42813265136170164,0.7120765447360606,47.67440932063774,0.21770144966635452
ALE.WA,0.5091213082668671,0.5050909430579866,0.26430171837884986,80.23203285420941,0.4037354272475493
CNA.L,0.018740960029306475,0.15174611374867664,0.30297638674909,64.1795551950882,0.14549567590518064
BVI.PA,0.09427077626768687,0.025728577359314775,0.012378553035767181,57.44676879223557,0.0263379843272471
AGN.AS,0.1935193152174517,0.24591412598790008,0.3656023586786479,83.33337154149282,0.2042898326207121
BKT.MC,0.11290151724235287,0.14119843124374598,0.3450490959234336,69.55602340916893,0.13810154069277214
TELIA.ST,-0.029443534013613992,0.15890138676677434,0.34792108182221604,45.25068027878471,0.04756945920304689
SMIN.L,0.003558718861210064,-0.030496650409185144,0.09701851170618325,48.8389046120556,0.020574775078070484
AC.PA,0.10812525263899286,0.012961782715441128,-0.03938712120554,24.040960639385645,0.04044374232125225
AKZA.AS,0.1138271250333922,-0.018806744530188713,0.014066867992919452,34.67739909380414,0.03429302865239059
BCP.LS,0.25048767155221774,0.2207999636961564,0.5985316391251014,55.08474975804538,0.23223806236670974
ORSTED.CO,0.04198594152483892,0.30970721111780275,-0.4285714285714286,51.80136243826819,0.17340714275804414
SGE.L,-0.012405816087933008,-0.1335277388535674,-0.29424712634625594,53.09479528270912,-0.0597408600271776
MNG.L,0.03665983560493835,0.012726393222143306,0.17954054322282165,43.376908037227366,0.0294910617747568
WISE.L,0.026054002842254897,0.11076923076923073,0.058651026392961825,60.060539561120784,0.17825162899335112
PSON.L,0.04059729351376573,0.15087202929191879,0.054635140887929534,41.915792918903506,0.06025546812254157
PZU.WA,0.06270615730789753,0.02815667299053759,0.25488151346835175,71.11514664613566,0.09306474979527546
BEZ.L,0.001962323390894749,0.10828735910179565,0.4170333098269763,49.5012456195825,0.14589261234365947
AKRBP.OL,0.016878834213514216,0.2781199741583682,0.46331599502556853,82.46488579914075,0.17061770360924466
OMV.VI,0.1536297336007959,0.37163673732032,0.4383459866173214,92.47311254583788,0.2316319565888898
SVT.L,0.013954945152991671,0.13610518473585587,0.1975899153034486,56.98876766354545,0.08530789027199703
FORTUM.HE,-0.048000021541819815,0.11313914729983887,0.33236689845819933,55.98631232756114,0.05165353820217833
MKS.L,-0.027233483764117716,-0.0649584504396411,-0.04912173941901177,43.703563014973696,-0.06235711077626915
G1A.DE,-0.005272102564575887,-0.003634738010333871,-0.013379111814395772,41.346149261176784,0.004276300857160242
IMI.L,-0.04933981931897147,0.008938658841952885,0.24267627926843627,46.93306356884296,0.026560277116283837
TEL.OL,-0.15999205218010748,-0.06582851949518387,-0.13717474091454596,40.66852237454102,-0.12701204592069326
RXL.PA,0.11590566390206525,0.1149567985310862,0.48492548080211084,54.341731905688185,0.12911303343153024
BEAN.SW,0.14699792960662528,-0.03961320161662585,-0.054669670500565815,37.69968051118211,0.04946978919270206
SDLF.L,-0.009610421316964324,0.05663702340207433,0.17507141501514445,43.98386435017157,0.0362881315076824
INDU C.ST,0.05700567688135716,0.06462021792056616,0.43321092360974855,46.49554459351049,0.11701096844965764
EVO.ST,0.07952409011227579,0.1632928302737675,-0.17904764811197915,55.65437678835043,0.08226870783084106
TEL2 B.ST,0.020675108365355355,0.05975240461064435,0.19815279692227494,53.21506456704177,0.09225448169179695
MICC.AS,0.40703874713026855,0.13621356117484718,,52.35600749813834,
HOT.DE,0.010132737569422456,0.28732686236381655,1.5413788068156182,36.93843648927962,0.20427177917691508
ACLN.SW,-0.05052918476884383,0.1371326103296957,0.1438561783621486,34.90813890061443,0.06418564700508744
LI.PA,0.11251176851511513,0.23016706672288167,0.20061359114919997,84.18206166824656,0.15793747392952895
COLO B.CO,0.07711725531355351,-0.2132954110692431,-0.26872955675050736,66.03773813625861,-0.09867023306366451
SPIE.PA,0.09002377225555369,0.05808681936302462,0.027128349983084554,45.600006510421075,0.041516064939394415
FME.DE,0.15380172832412575,0.20058158237813872,-0.020461318356598368,76.71688388697518,0.1075016516104923
CON.DE,0.1295456269037092,0.13330511836580516,0.2952249895618857,48.04847481662014,0.10691912689125593
ABVX.PA,0.1965288473686415,0.126923047579252,1.0561402973375826,49.61636459354083,0.17307920199025761
ERF.PA,0.13391168511190443,-0.014818906416546263,0.0224334228091021,54.95147558372258,0.09736498342861033
SKF B.ST,0.04953034267579093,0.005913997228182755,0.09491733343882314,47.57525689580562,0.026206447577073577
HEIO.AS,0.20074712255111682,0.17928779401767647,0.10819858212782751,72.5274679209058,0.1381823997979661
SKA B.ST,0.021310828776812674,-0.012110239140131207,0.17373901885546128,47.40107719135255,0.03550692354088736
GAW.L,0.03134635551330178,0.1257273797828764,0.2868343638032669,48.577776125153086,0.09628132026003677
ADDT B.ST,0.07493855478837763,0.06968211168202032,0.06751446298357666,51.53835250811406,0.08967994368307775
MAERSK B.CO,0.12436462216197897,0.14894985497924873,0.26699846877204103,52.00617283950617,0.11768684876780311
PNDORA.CO,-0.007194256889340167,0.0031143783197566943,-0.5033652135977716,35.20580429290426,-0.20047226722201128
ORNBV.HE,0.04220566687974259,0.13190788390093644,0.13078593729555443,63.403255775572866,0.14236715203536732
TEN.MI,-0.048403483707795236,0.33952606320380796,0.604600258761931,68.00005798348691,0.17418275755175583
WEIR.L,-0.13210685510570563,-0.18181002405645708,-0.020199101180617074,53.78633798833373,-0.0823776695511591
HSX.L,-0.007051282051282026,0.027360643240347926,0.18454526648937808,38.185321369719176,0.00856523249232466
MOWI.OL,-0.03609909857043114,-0.08479694623026834,0.04724924978504563,74.92066629173578,-0.07487582319958219
GALP.LS,0.04422174357376352,0.2859121248153158,0.2273641061514564,66.75601709146474,0.11491391086477232
QIA.DE,0.10042393594635923,-0.22367921441246552,-0.15586627401377395,58.11099596869487,-0.03602837818572446
DHER.DE,0.9804024102434556,0.5106216133213071,0.4376639027367848,62.014414630009696,0.5643587585070546
RBI.VI,0.23807359003305062,0.41985288907409246,1.300901608071456,49.33333062065903,0.3505489048668504
STB.OL,0.13922582319445165,0.18702641029948497,0.3776262277830744,73.87755966345941,0.175712685727619
STJ.L,-0.03817097415506954,-0.18899321366042432,0.044620347917764924,46.64645187476982,-0.06179134754920168
TREL B.ST,0.02704083189672346,0.06334575639314166,0.18712631212563724,47.426750102108436,0.052700151826560404
ELI.BR,0.0014629695474170923,0.2404990749496303,0.35207196781506944,54.852321490080186,0.1284585053912064
SECU B.ST,0.0580858287244741,0.024586256367443493,0.12102054986815602,51.46140820215074,0.07083940228330587
IGG.L,0.007806739604653945,0.11822086340093496,0.345031655810937,40.6515002402456,0.07098251841991865
BNR.DE,-0.0004106448564528131,0.1840985408479905,0.051147114241838265,70.80290598903412,0.11598152898683978
LIFCO B.ST,0.08686281823145925,-0.047662604688822885,-0.10773998234751125,48.17932193942066,-0.04527274654315705
SBRY.L,-0.04673444029951923,0.049201265055005994,0.0736783198524944,49.160938769057836,-0.0014123664888597842
ORK.OL,-0.061632504513641884,-0.008532948996207712,0.02312885441511181,53.63637246374998,-0.005384204337112841
SDR.L,0.0017271157167531026,0.27002710531271323,0.439809332899999,49.31248355962404,0.15414210364023861
EXO.AS,-0.009547968551340213,-0.03958281936740682,-0.24924390305487398,47.78322901484612,-0.03458810440200877
BEI.DE,0.07551305591907953,-0.19385477906476534,-0.2826686426861985,59.86511531264132,-0.06877678536536747
PSPN.SW,-0.06186222423120957,0.0299728434542339,0.07398870436157456,66.37170890058579,0.009079854049165004
HM B.ST,0.043257017708446366,-0.10781394450782278,0.2972072139269255,47.92781763176267,-0.037060190392192216
GTT.PA,-0.03661270023971119,0.10288966001459698,0.26422427209305765,59.21051773007285,0.05229455693606955
NKT.CO,0.0005361930294907058,0.17432347388294533,0.6339754816112084,48.61910241657077,0.1041975483974047
UHR.SW,0.02610017316431934,0.15689295070823306,0.3575364371565066,37.34177052194725,0.03959367807960734
ABF.L,-0.00488593681454208,-0.024740562993714188,-0.1804361828487585,48.113600216456135,-0.07451334180708735
YAR.OL,-0.13111227608023357,0.11133368156138634,0.19881051581894993,58.252427184466036,0.007246381829294268
MRO.L,-0.02298161498854645,-0.23000718166990985,-0.048335244946699385,48.778354288642305,-0.11895170044305792
TLX.DE,-0.020434145642749924,0.08077218336173941,-0.013655158684106827,47.663550735488116,0.03990499307350848
SUBC.OL,0.15248880463999215,0.5426268110368544,0.7583205180309938,36.85897796425237,0.28996500975012385
ZAL.DE,0.281306651454033,0.13005202199946164,0.034432254957045494,74.52473082252112,0.20516633160328746
DCC.L,0.11527379522659364,0.2652573046270348,0.21409802588045368,43.34250188387905,0.11330174818555339
EBP.WA,0.1316849329562626,0.3437979416960666,0.42886842619119525,64.6569691417202,0.2469517259622005
KBX.DE,0.037800003077420596,0.04874610913457533,0.1850473664962673,46.666666666666664,0.06937928155579032
TRYG.CO,-0.03244270657531334,-0.027643907479375396,-0.00862084007627062,49.783582596053286,-0.011504760961960736
LTMC.MI,-0.03728617989345706,0.21878453952717836,0.038633823163984005,51.64176963015134,0.07152152741332074
AED.BR,0.016246817711800476,-0.000232762566009459,0.14435845505793488,45.736462533696546,0.04481287386287103
ICG.L,0.03412220194140314,-0.019311055637348473,-0.12429641567943195,56.66463845148666,0.017585308206038652
IG.MI,-0.002614789998631628,0.039837761746610134,0.43210753703313,46.47389638182452,0.035791745868624325
EDEN.PA,0.35391684853494065,0.566325187658991,0.04978335635384368,81.99403613062611,0.39393330369772817
ACKB.BR,-0.012326954339268226,0.140762395838129,0.29509454173153227,37.755136994299754,0.0677844783782986
MRL.MC,-0.006256568157690934,0.2244338480018233,0.30791169524360695,44.49539939901059,0.09233015919135812
BAB.L,-0.027839151568714082,-0.2434662998624484,0.054721891308118664,51.92425695595327,-0.08624847805594371
KCR.HE,-0.11426723887947388,-0.0623605333879762,0.28815247667235067,61.27661767618233,-0.0029427472177685488
KGF.L,-0.01331510017070403,-0.09461158257129687,0.03634617540270679,52.86561529589392,-0.05445327398096855
ANA.MC,0.0703611545607652,0.42321448820906804,0.4983813178363685,37.89447929178342,0.19925811966650686
SRT3.DE,0.016286645413707834,-0.1616199683650995,0.1443997016722094,43.52941176470588,-0.057327454539832234
SPX.L,-0.03507340946166393,-0.009190039815872075,0.14510880803301873,52.681907361596856,0.007903218320613803
IPN.PA,-0.0089235606693574,0.2060526386507895,0.4671122972339883,44.68085994495714,0.13016271363286913
LAND.L,-0.014214070640409693,-0.07529409533737175,0.008867184083644286,32.77399895276832,-0.05073767762584258
SAVE.ST,0.14205814439740938,0.4006533576671174,0.41855638516679816,52.777764532288586,0.24161662510221693
GBLB.BR,0.023327034177857087,0.024600622511152803,0.08111170729132677,12.698424231855412,0.029651590771757164
SPM.MI,0.06814137393308939,0.5929682743706861,0.8681414093121225,55.58311143031752,0.3175529169001954
LPP.WA,-0.15537679932260795,0.010167940024443212,0.35628328666063847,79.59183673469387,0.021631788892465087
RILBA.CO,-0.0037617554858934144,0.03417480923866112,0.14350188386203566,46.172376552068464,0.03600843060506875
FRES.L,-0.03412462908011871,-0.21887969868074397,1.3075862628789943,53.748849724766295,0.03880660915970813
SQN.SW,0.003145041384029934,-0.06806311951937705,-0.16972892715910526,64.45396530422619,-0.041058209928374056
TKA.DE,0.357811505537613,0.12828429845364586,0.47513971046993797,70.61611170910324,0.23041524385889334
ALSYDB.CO,-0.004533091568449721,0.032989620395249775,0.21202675837924123,44.825515724392126,0.03479028512243376
G24.DE,0.03587340039560272,-0.15473705133765048,-0.40928824821541376,33.46152672400841,-0.09678493109211994
SSAB B.ST,0.09415118771221298,0.2319629908682188,0.7475622548755807,46.63003942021345,0.2062251960960444
LHA.DE,0.24874281939422427,0.03611980915934332,0.21385633279257799,32.0843833888069,0.11280122974675111
REC.MI,0.041329270813811325,0.11602844280999047,0.006170674425181266,51.51523558514841,0.04975783461076255
ALO.PA,-0.06218834936181317,-0.39610879972283985,-0.27340910651467065,62.85714039869052,-0.26818662034556306
STERV.HE,-0.0577519123388458,-0.003985872249492539,0.13718459304287056,68.91565046839148,-0.023545176638948284
EMSN.SW,0.16729182295573897,0.30318257956448913,0.25731867014978427,85.8267716535433,0.25031639593888255
JYSK.CO,-0.019944598337950148,-0.01802894404919342,0.4058489081220693,45.10376730214524,0.03158238382444378
RNO.PA,-0.10384009720411846,-0.14431011632847435,-0.19626795361320792,45.060646719841,-0.12932289775817285
NEX.PA,0.01754166716098693,0.08425256617399479,0.13443286530221865,40.75343897427537,0.027123975954408186
AMUN.PA,0.21402815344148496,0.25715379712490694,0.33499882658343516,70.27029893129412,0.22462347783274184
SCA B.ST,0.014762012388763512,-0.1130986503721989,-0.17832743607247648,47.33040163787233,-0.09619156160411202
GET.PA,0.011195119530076347,0.2221502864735403,0.22983200310140806,63.99997820175373,0.12079635958638923
ELISA.HE,-0.1504159210320093,-0.03890835679522997,-0.20976997970474087,46.5986622254134,-0.1216802648754256
KESKOB.HE,-0.006199991509735936,0.006769327291456406,0.023173735195924916,70.25419855943659,0.03294254208939584
ISS.CO,0.033795506709801026,0.027074847661862744,0.28671328556241904,42.04696586112794,0.02708195474427777
DIM.PA,0.04686516428952303,-0.208144739821725,-0.05158363395129095,37.943937814908416,-0.10483534085288904
IMCD.AS,-0.07262128860385675,0.15305442189562912,-0.21624692575873106,68.28596024044825,0.05038742789483441
AM.PA,-0.05838159616280569,-0.09998385243442898,0.09074341212430137,44.1176523386766,-0.0411720161279473
BEIJ B.ST,0.05896609751056192,-0.0017090612781370806,-0.2223285655632946,47.483986071884665,-0.05504307623141658
ABDN.L,0.007759486552840533,-0.042058423656907484,0.020354827492705896,36.31487590336543,-0.03122830083775696
BBY.L,0.008690211693660022,0.14759883443679378,0.5302269029599198,46.590323312586236,0.0760036622186786
AUTO.L,-0.020222009938299812,-0.13054188779024167,-0.40862054018096106,49.68199142929635,-0.11261248135288826
TPRO.MI,0.7022440942662409,0.9389026562563172,3.197031177042626,35.36377852734215,0.6732124801583972
INDT.ST,-0.04361617816457575,0.08827458314019054,-0.007931386004934593,69.82758067876267,0.09634447627843112
FRO.OL,0.0764219195970095,0.4162342032637034,0.9755478391953738,59.1382933533419,0.25140632335749613
BLND.L,-0.01507798299008245,-0.05954127009358656,0.07745385023111262,38.74082185432374,-0.02240383129412571
VOE.VI,0.05151000471459399,0.12015467906773702,0.8061823383425786,70.36957221570394,0.11842787028983337
AVOL.SW,-0.045358797038038245,0.0106430212831643,0.1024354514318111,18.444084538180206,0.01293969315340826
FHZN.SW,-0.011904775034388915,-0.03306514956015283,0.03156289041985283,25.423701051693328,-0.01748645046839281
HWDN.L,-0.061893203883495174,-0.0967802302003613,-0.1545070279990397,41.71261847647832,-0.05996309323840365
IDR.MC,-0.022770824745634966,-0.06472894477184254,0.379119920334565,55.53631560479639,-0.0028554211498119653
SCR.PA,0.06567941329636984,0.28753095450949506,0.14912350378768502,61.764707257314626,0.14094505449660755
LMP.L,-0.005230183133435595,-0.04885346958475245,-0.018616163033581823,55.10786274586045,-0.007897789362232288
SYENS.BR,0.27386522259147195,-0.027921901746979616,-0.00038203880938059154,73.14810890235805,0.08955011349982045
CTEC.L,-0.048913056623582474,-0.10241637263661796,-0.12334480098437195,45.95507582867554,-0.07645150718194027
NDX1.DE,-0.09023212758767185,0.2580254494139611,1.0863888113453046,32.641763139934795,0.13919644214031246
GJF.OL,0.05319148689471831,0.05441920223771657,0.044669915318077624,60.62175059770028,0.05826508855291723
GALE.SW,0.0395738762784994,-0.046878354764758545,0.033171085465754535,81.93554484267189,0.012677858987205415
BMED.MI,0.22085721858277152,0.17992666850587535,0.6194482765384877,60.66352210354268,0.21074346819633138
WDP.BR,-0.023544787184993643,0.028073898602369418,0.1439843095129254,52.23882296591465,0.011152567054578455
BTRW.L,-0.015594541910331383,-0.3397438015196733,-0.3344929280141049,46.51319780028574,-0.22904467874270928
AIXA.DE,-0.08366355977071072,1.0492934929067466,1.7910706189430012,34.92429307873557,0.3485220525012418
NDA.DE,-0.08219893690179159,0.1670755872578502,0.8804606649129172,49.38488854515649,0.12628622812842405
P911.DE,0.0907659380025263,0.07410711275234894,0.035893925822088946,53.2760513980398,0.04815363067834455
NIBE B.ST,-0.0379497987918358,0.08835360143801418,-0.10263266975814167,52.201214812560536,0.06771756957920383
WTB.L,-0.06628708657032079,-0.16539436521823114,-0.29105450931587096,48.18626369372645,-0.10626470701013824
EVK.DE,0.006887236507782779,0.33137100889115123,-0.02050722051683762,67.5572605220896,0.15557834081419863
BRBY.L,0.02387593673489996,-0.017147636971978297,-0.13982430453879946,53.50072480112266,0.010033747609884403
BGEO.L,-0.017210154863616323,0.12502331647930776,0.4756886029174672,46.620776138773856,0.10106853766144885
LOTB.BR,0.07619527136582183,0.16357869890917653,0.44828416657494197,30.434782608695656,0.1356448673049362
ANDR.VI,0.07000002179827014,0.09569543053842056,0.16846926762836856,59.25926972483286,0.11168657666787607
PAH3.DE,-0.10120645067077805,-0.23342411686432774,-0.19427170035671804,53.116522900574004,-0.15225547477658108
JMT.LS,-0.17602791882408308,-0.17283113474979728,-0.21399893929511338,46.81441131094533,-0.15278862931595782
MYCR.ST,0.2907225051774218,0.6512984492268208,0.6583235386643074,63.88889997008078,0.4466020236836499
AZA.ST,0.0693408439238914,0.21974729041013452,0.14364275028685536,49.23077589824677,0.12204172349372167
MBK.WA,0.16521015397419903,0.41385576927996204,0.7056530468091617,56.611570247933884,0.25125572442668287
RED.MC,0.07176292180545674,0.10956372965061689,-0.05973266912526942,69.16667130258412,0.0554714022546845
ATS.VI,1.015712785401226,3.4236456367848085,7.412178121523388,43.548388559224506,1.3598510732647338
SW.PA,0.24122595118633594,0.24589001774936103,0.05721103756031831,62.686565822408916,0.1580831066818329
CAST.ST,0.02881157416119695,0.21963947998800437,0.14202720007385206,49.743613419272855,0.12732221092817042
EDPR.LS,0.03211588951655364,0.08777707721353312,0.36682919262552316,44.13407702172298,0.07224282079187616
EMG.L,0.0453808622761378,-0.020929901558459862,0.4381545392701873,39.90756233830172,0.025827813375219
SB1NO.OL,0.019164799770726493,0.1300800529326136,0.18994374886463428,81.17154330879586,0.11830070758844236
TE.PA,-0.1260811463499273,0.0892636704063976,-0.05412248444173695,61.56584741051568,-0.008009137077298445
LEG.DE,-0.08916960908969529,-0.09293338776737559,-0.23515639537531452,34.9753811218812,-0.10731050839847511
ELIS.PA,-0.0032297567957675355,0.07631304605112077,0.017927997088301062,32.520332452412234,0.012717572805521549
AYV.PA,0.1344070635323451,0.0176023419800877,0.3377350812530573,57.54188574981449,0.10953202012156504
CRDA.L,-0.027119807758324788,0.025540934963411477,-0.01966420474919739,48.02267894562444,-0.01208058443519755
HAG.DE,-0.02252629054323596,-0.08309223912651809,-0.22845001910897023,59.76331377642144,-0.05116976593512068
BARN.SW,0.03454715219421112,-0.11146752205292698,0.17764294597047448,42.42424242424243,-0.09891793939736204
DIE.BR,-0.013171736185861538,-0.06346608709419244,-0.02201732277643964,41.964262602253314,0.038582328520585296
SBMO.AS,-0.09563753717756551,0.08192298569980916,0.474995715629124,66.76136579149,0.09828588615892575
GL9.IR,0.31014494965041894,0.4639817446289163,0.7655473928100438,22.875831659729016,0.29697853597000257
TUB.BR,-0.0013250265380803095,-0.05350810521665572,0.47557028908824317,35.68626852596509,-0.03516619145532607
UMI.BR,0.1953939219755778,0.005751303274423636,0.3882777895994196,43.2432362770324,0.0758478978524757
SIGN.SW,0.1776429980512484,0.17866439439074067,-0.09096987786142963,45.871566589663026,0.21293531398375398
ALK B.CO,-0.02181500901646649,0.023112833834288304,0.17474422846554516,14.285731585920175,-0.0128421589682165
LAGR B.ST,0.0966144073084938,0.2007233714639809,0.19727712131206632,59.036827244295694,0.1973588148369314
RMV.L,-0.015367000474842185,-0.1531311531298286,-0.44978619683346177,48.26430369750974,-0.12483652009270185
PSN.L,-0.048604872753628015,-0.2482219000011725,-0.10899444419110549,50.44541656468666,-0.1372601113897708
BCVN.SW,0.07382989780010396,0.2584104006195709,0.3911875878484672,92.37292519047624,0.18898811463707976
BBOX.L,-0.026502817923872102,-0.08213463800940535,0.052838710413908974,37.01510953930201,-0.023961508619234295
ENT.L,-0.053035338705431645,-0.15466589901008831,-0.43124555031774825,53.32657142238361,-0.11495273952889062
BKG.L,-0.01092233009708743,-0.1882470119521913,-0.10586944596818426,48.83516493981915,-0.12815152543616615
AAK.ST,-0.160735150343425,-0.17207658077430654,-0.19448750082246724,29.464275577438656,-0.17306189635349345
GETI B.ST,0.033681446204919974,-0.004855269713554211,0.059339277612628916,33.90673040545424,-0.010449422474205106
GFC.PA,0.07939460770884432,0.04592215046803427,-0.0737307618924542,79.97731170515327,0.054606793659360164
MAP.MC,0.1157810418182621,0.17783216457380058,0.3725361610512379,69.94538509242322,0.13437068695032361
AKE.PA,-0.0632892361225954,0.11144333198598688,-0.10810106246873785,44.95413614617637,0.021876633701576775
TEMN.SW,-0.10660115262747205,-0.07411393543340161,0.11602337669769769,42.380954110975075,-0.03741942261888542
LUND B.ST,0.06376811594202891,0.014205683982791095,0.16166868598558315,47.13419552736965,0.04004446923398275
INVP.L,0.008821170809943935,0.04658901830282858,0.1290298407717978,52.04249793315386,0.05633000257620924
INPST.AS,0.01839682838756307,0.14985167109497954,0.18230361601157385,73.68418410881851,0.14844589208136227
ALLN.SW,0.0,0.04703322308349489,0.2177452093810477,65.85365853658537,0.05471043932478481
AZM.MI,-0.00032338604363335577,0.002092591385938647,0.2564959800844546,43.954276068923726,0.05012130337320886
A2A.MI,0.006626983728448943,-0.014608076924324198,0.0980972362556527,63.1285042698898,0.011377732535446272
VER.VI,-0.03818953200552755,0.018806602036533615,-0.07207635470171048,70.50001926422854,-0.015176739987068033
SECT B.ST,0.10030863725127048,0.3672099897518877,-0.18267820023690295,51.53156383241607,0.11069426982854846
AALB.AS,0.29449420368102386,0.3704211286092376,0.5073648082436879,58.198607502711205,0.2694596964269369
ENG.MC,0.028642127048356336,0.2863663090942359,0.37117189089159686,58.904134643396965,0.15534872679979927
SOF.BR,0.05329999054047141,-0.05134383237904672,-0.13707420155448824,52.87355414660672,-0.007243064787261666
VEND.OL,-0.06569922788781579,-0.12642886343208126,-0.27761391329738927,48.68913097831913,-0.09154237820857125
BZU.MI,-0.1096221373389249,-0.16290459917194788,-0.07354156443836257,33.18536037237533,-0.11420921137749229
CVC.AS,0.12862106760082548,-0.035892329070157714,-0.13650498830034596,74.035090537173,0.09139933865584249
VK.PA,-0.15118617217536612,0.19501837057908666,0.27552879658627205,63.72797058933745,0.0783144673488203
JMAT.L,0.013685275368432004,-0.12044105894162793,0.12852686612015374,52.45634545312699,-0.006356231784453326
UNI.MC,0.23432836020064518,0.21768304969672791,0.705796434263882,65.38461318030224,0.24742887724939466
INCH.L,0.039611297945337354,0.030370292262131393,0.034349838541435807,58.294763432631434,0.05352818134699566
R3NK.DE,-0.2111080709870108,-0.21920279289531952,-0.3732257213645268,49.790657533400584,-0.18929423476821505
BGN.MI,0.19835527777366369,0.18688084571456787,0.45799983661046584,40.259717097414715,0.1958415585403157
NEM.DE,-0.14508189480282174,-0.28097763309090074,-0.5578127715772562,42.36641132458534,-0.26982046406709603
ZAB.WA,0.35863463250331984,0.521817477628765,0.6422330681841013,79.42858731017111,0.44812154474313526
GF.SW,0.2523518209482323,0.08743007041763051,-0.11640841910411004,78.6075300565479,0.10951571320039921
HUBN.SW,-0.14553574153355175,0.22156808151740415,1.1263338544807122,26.780626470994818,0.03999697522115708
PLUS.L,0.010709504685408211,0.08299843143691321,0.35469058900473294,45.21805268132717,0.12235887480368923
AG1.DE,0.29657381786250325,-0.17953933137610434,-0.027309249622226472,51.18482726857521,0.03989332109326971
ING.WA,0.035895089471765784,0.3308826415002082,0.4954206262495078,53.10346230693248,0.20769241674974426
VAR.OL,0.09222059061925747,0.43405001130992615,0.5568454528101461,79.67627213476584,0.2505736678054684
CDR.WA,-0.21221429857310792,-0.1286792683151532,-0.1355298067383861,60.32257080078131,-0.0696775146459353
BFT.WA,0.34742740703005603,0.43360433604336035,0.7064516129032259,84.14179104477613,0.3708925054421064
BIM.PA,-0.025710763675334425,-0.3177181519893194,-0.4304335250268134,50.97403626837248,-0.22884305060682109
DEMANT.CO,-0.018779342723004744,-0.06278026905829592,-0.23161764705882348,31.71225854167426,-0.06134914090337962
RAA.DE,-0.019993307974244923,-0.02952935651550259,-0.07784581727384632,41.09589041095891,-0.02908622756087842
TW..L,-0.05078507801926613,-0.3341437958031108,-0.22513378241727278,13.580835462393765,-0.19324719504374321
CCC.L,-0.015151504520715564,0.1206896401553037,0.6877150609800353,43.425224625772614,0.11922137711774883
SAGA B.ST,-0.03729202459089942,-0.1330381637118434,-0.17796708232737113,50.266530032046234,-0.08436314660175448
WPP.L,0.022521732692292185,-0.1759229810290196,-0.3863381365270867,50.38073675139218,-0.08453474006396466
EVD.DE,0.023985591170391896,-0.18264507495720017,-0.43051855717233145,65.42371426051692,-0.11490144574475414
DRX.L,0.04318394085801547,-0.004477939976297529,0.3197484910871131,59.58196982602432,0.09852443919271159
RS1.L,-0.006557451863197228,-0.06912442093806559,0.03871983776393839,49.17824398065276,-0.023408883462486818
CWK.L,-0.003710603379408872,0.052941098175835366,0.0094520358432304,45.9038748844073,0.027360613858352645
PIRC.MI,0.16705437355273411,0.07658506266088039,0.19025940022709276,62.34523345633585,0.12809536319869275
HER.MI,-0.020893472980430428,-0.015642323531865676,0.016063232581275733,73.47829196767043,0.004537618298595669
TCAP.L,0.025291888667043905,0.2189834144009155,0.025562343647709707,44.00601981369574,0.1229299774410253
ZEG.L,0.014656144306651742,0.11801242236024834,1.203421387903238,54.034975310614314,0.1572632050290037
SALM.OL,-0.07996910491458942,-0.09490204104519462,0.2169661863720891,77.99441843226458,-0.10882849960972274
ITV.L,0.009345794392523255,-0.005112362140707427,-0.05424001945533086,48.683619169762885,0.02350409064892589
CPR.MI,-0.10506205676517832,-0.06582122862268369,-0.09657607822376368,64.13503552891481,-0.03231483438969762
VALMT.HE,-0.12776024026575306,-0.20095606221590612,-0.12760637657266483,66.86390966624253,-0.13118878495421638
VSURE.ST,,,,,
KBCA.BR,0.19121400464730165,0.1850817214932836,0.46392433663139077,69.52384481632375,0.20697426204722125
BALD B.ST,0.016129043797332265,-0.19037654232455758,-0.20276631790663602,51.96134295978619,-0.11400279547307157
OCTV SDB.ST,,,,48.148148148148145,
FLS.CO,-0.08769843691871271,-0.09180867899973555,0.17673007732882495,46.50608288342943,-0.05243722632371628
MNDI.L,0.036086607270101156,-0.11320200226557753,-0.3505993298647847,52.156755424987544,-0.06561999368518967
ADEN.SW,0.06385219186054347,-0.03780129230254403,-0.17020706500102734,81.13925752914199,0.02956376800021232
MANTA.HE,-0.11154010058331176,-0.031343103896604996,0.08986221234662373,63.06306538513419,-0.023399182575948863
TUI1.DE,0.014008921331818192,-0.25974546779615015,-0.14325119369139883,30.603420590857397,-0.09864281283410825
DNP.WA,-0.12437512036598664,-0.24968501594743409,-0.41744911367611537,57.55814920573313,-0.19806219043366668
FTK.DE,0.09744599552633026,-0.04434289193811736,0.45035022985249706,47.999993575244126,0.08216868347995598
LOOMIS.ST,0.1901910275947547,0.38718391735277957,0.2846320635140309,65.09008529114399,0.2257172601739914
RAND.AS,0.24210530542600872,0.16239782543478865,-0.21093293186710615,76.66666997803566,0.1481179611986594
SFZN.SW,-0.09477092419283917,-0.12897085637163608,-0.1793529496663565,52.45901229271636,-0.06397329338178404
KGX.DE,-0.10456738741336646,-0.3682187831684508,-0.21668672498132346,54.39430265929458,-0.2221228441697103
IP.MI,-0.03460763108980136,-0.2631677656960195,0.02108801369005242,55.21628770414231,-0.11827419619530932
BKW.SW,-0.10830123528434765,-0.08391880782397332,-0.21740782545817872,62.130199953411015,-0.10826888945523183
PUM.DE,0.13335967039325514,0.3296192280569026,0.18396026280882372,61.78160636046046,0.23292165484761473
FNTN.DE,-0.040093885104450666,-0.12311277603982529,-0.060931147803729324,73.29191663586468,-0.06827407764025972
SRP.L,-0.009943246625916613,-0.08400622084854559,0.321548296009339,63.20534351589957,0.03173836819445297
BC.MI,-0.024908302258451864,0.005416455583704183,-0.18941356328995795,47.03831533056277,-0.025347700156315156
COTN.SW,0.21470778918585687,0.3408106909551767,0.27179162697178105,42.524274807531846,0.3312240086924574
UTG.L,0.009405781378535982,-0.17260248803451128,-0.3957429323083529,47.603368757898814,-0.10978025309541051
PNN.L,0.03732057416267942,-0.006253240401445481,0.08417774056464578,56.49454848303366,0.030657558168348364
ADP.PA,0.010927895999097714,-0.009108508346010957,-0.018831760182057344,35.68075167819849,-0.03558851677041597
BOL.PA,0.05020283223380684,0.14706627244504866,0.020178717964671078,29.288735485415586,0.09006753679769797
SUNN.SW,-0.013422200974642529,0.12519189501400607,0.00017061914509830522,76.72411454278328,0.007003524018418306
MIL.WA,0.10177702857880022,0.2521419151414297,0.42182061128070103,61.388889477576946,0.18046855384542582
IFCN.SW,0.36070978421357847,0.4080977689201404,0.5162194980458175,41.85392969471283,0.35624475835504654
RBREW.CO,0.11705112398785311,-0.23593320565898013,-0.14198457695735012,39.183710128317486,-0.14401555391680265
WIE.VI,-0.10615311731464383,-0.2224970593788369,-0.2627393990576794,39.1304380604011,-0.15407557469215705
BAMNB.AS,0.26513006555746577,0.3419540759300881,0.6774427558743445,42.77619822600306,0.2616443560000916
TEP.PA,0.057032651698453174,-0.08395046581984555,-0.3640308602632343,58.73191362244379,-0.023776649151582396
SOI.PA,-0.10431515268630198,2.3513514961037933,1.3401962044696472,35.75178349565353,0.39442948648745313
SCYR.MC,0.025105112743320834,0.22342946399730024,0.36619809178366913,58.13954348004211,0.14674477043330136
AAF.L,-0.005630597731813403,-0.019433619086627663,0.8114143213707354,51.02223301650933,0.06755814117119074
QQ..L,-0.020399675382167137,-0.056157237890885,-0.022780832977446153,51.20993617380903,0.012698984704972771
VATN.SW,-0.07077587501417237,0.0772421148480471,0.3068995627884381,61.971824932033826,0.0822816979978549
RUI.PA,0.004191478219482736,0.026294545431110095,0.2244152101937833,74.17584404165359,0.023359106292197618
AKER.OL,0.2312065564576382,0.5899283915684554,1.0846285639314832,57.54189944134078,0.325284171019971
GRF.MC,0.0791514739343151,-0.11309409754162614,-0.2062107307597778,73.15342188699077,-0.04437520161137076
NEXI.MI,0.1956677036150456,0.1823997142637701,-0.106513417716395,72.68042022635514,0.1942750481016
FDJU.PA,0.019719705719387193,0.09512153039186577,-0.17775414088354102,71.68138530769049,0.01254358510980036
COV.PA,-0.03977372896604503,0.051516182155432855,0.004489595611713693,61.082271088094664,0.005031465688245973
TEG.DE,-0.11555468302696248,-0.0341174993276957,-0.0583149922381887,39.93397927221086,-0.056406715350631464
ACX.MC,0.2680118841025336,0.25290528799143286,0.7001822354423779,69.91663616832246,0.26541682218457985
QLT.L,0.0038398076605816733,-0.054533609337383826,0.08967021476967041,43.17360561307044,-0.012186157225634875
FR.PA,0.20514222210779542,0.09727760404365471,0.3788897386612142,55.15463790828596,0.12212159261454758
MOBN.SW,-0.08616187989556134,-0.06541766674179972,0.11708347395739738,57.74647887323944,-0.02427756145346438
VZN.SW,0.04398439537198784,0.016283190466134245,-0.07193983912176771,64.91226191591599,0.07541425816568936
CMBN.SW,-0.08689254369645383,-0.044847573524680606,-0.08338398864079932,23.936166327266918,-0.019905335390158818
ROR.L,-0.03775881281043203,-0.0886656069463112,-0.022037082108953943,51.87072926679546,-0.0514060523219485
GBF.DE,-0.12958663369340917,-0.26999900086770845,-0.03957633856064635,61.61616940047156,-0.12466123016589947
HIK.L,0.016606498194945862,-0.09370220742378799,-0.29707245360578716,45.204876658067874,-0.06805421869320183
ARCAD.AS,0.12401916585969142,-0.06172972789518616,-0.1683312939595779,67.6471138221264,-0.007741283953857536
HUH1V.HE,-0.030846854137609014,-0.059409994032570634,-0.09741280978105982,61.421324465929835,-0.04548471525857345
IVG.MI,-0.0014316719671706446,0.05053977962963452,0.10322767007480604,50.0,0.036562817425277894
BC8.DE,0.08169676029015815,-0.28280405542669607,-0.1916382748408728,41.21404942838923,-0.10210180589509266
VPK.AS,0.1343794845257349,0.19146220902870947,0.20815103724832662,63.414618544890985,0.11580325367443023
SWEC B.ST,0.094703014180326,-0.06805230019043229,-0.09459323133967357,51.05824790131112,-0.02984769172513768
ROCK B.CO,0.04976427608034073,-0.039743832524553824,-0.29032494776355366,45.306116220902446,-0.01992850730323914
SUN.SW,-0.08706948946013238,-0.11194371874185027,-0.029694108061325664,72.45511444104345,-0.0466309360656707
TBCG.L,-0.021355237910614333,0.1782447739727322,-0.013952293682550132,52.010825918199096,0.100731575862399
BWY.L,-0.015345231967920814,-0.2838541766020032,-0.25142170374667794,49.726052205261446,-0.1786081489835072
ALLFG.AS,0.00860914715461436,0.06593031895243118,0.23462801969362812,62.04375192300463,0.0969841756496932
NOD.OL,-0.10249454729968255,0.25569041098586487,0.14137931034482754,24.406052498799568,0.04696475072812034
SFSN.SW,0.14812783922299078,0.3187670362156583,0.2788754838850058,63.793143137514114,0.21241475119783138
SBNOR.OL,-0.061332071101717345,0.10152680505882894,0.30285600279761127,83.82182080653428,0.07239401600857698
ACP.WA,0.05022810513418241,-0.06485218758809863,-0.034628733663137456,75.18939098379275,0.02169550315564428
DLG.MI,0.2113688904310438,0.07541218971528085,0.4393240602671691,54.51389118844995,0.1421832037337567
ZEAL.CO,0.009144309867223699,-0.22788608052278558,-0.14899478158668034,50.59142000645057,-0.19651354441110624
JD..L,-0.011004364175369874,0.062107135285613735,-0.0347024560301612,29.20448549724202,0.03963509897904616
TOM.OL,-0.15760004229543423,-0.18136676210700864,-0.25387433118823843,56.69565129703721,-0.11315553168271575
LATO B.ST,0.048553685951116865,-0.09547831897413905,-0.16444267918061195,50.85042298672123,-0.04515352354670721
VIS.MC,-0.022321638257171372,0.028217902752212698,0.005822491036117539,31.88408200814247,0.01785516694584155
FPE3.DE,0.08451964956530489,0.07367437106164165,-0.049402890133545374,61.02940609299015,0.06299989839778575
SHC.L,-0.01997039207978546,-0.06676031104693814,-0.15420105958634212,32.80202601882253,-0.04945976114947548
BPT.L,-0.01908396946564883,-0.08979056714507905,-0.20849445562010105,40.34774331949756,-0.04636036108031405
SESG.PA,0.07869335151662882,0.1745791398420451,0.2502967809788381,31.563428882648594,0.12000574582794443
PHP.L,0.006399982809223825,-0.0950628270523115,-0.008886071908926763,52.338372506664605,-0.02388060723557539
TGS.OL,0.005559024119718092,0.46734445241514133,0.9471542213011033,64.85623345847489,0.24543139168524997
FRA.DE,-0.06656811459420375,-0.12445059997938424,0.02314380931236637,29.936292113537064,-0.09155096705645704
HOLM B.ST,0.027540963595030776,-0.08023720487876396,-0.14008313053389587,49.18207251799141,-0.054776547387649255
DKSH.SW,0.06844738513653881,0.2015651299789254,0.12280701754385959,54.76190404106306,0.1111153253962387
TPE.WA,-0.051305948050291206,-0.02814309469213827,0.05550218491526948,57.78896519334625,-0.03430572049976088
REY.MI,0.04435446362616613,-0.15736455001061622,-0.31002028454874886,41.91177955547576,-0.07110322634643085
DLN.L,-0.01882487164860236,-0.09966552089500791,-0.11663182782124748,26.552893826798467,-0.03231869969759227
SDF.DE,-0.10309661135338699,0.039248151674994514,-0.06267948996233874,68.94976532650061,0.029627151581430367
PUIG.MC,-0.06087399568464169,0.02917916031711587,0.060117694663876176,59.685857600362695,0.08262765807535333
KMAR.OL,,,,50.0,
LIGHT.AS,-0.09046270905301623,-0.174505283009744,-0.12700662512433292,47.41382003535166,-0.1351836823609065
KTY.WA,0.18230563002680955,0.3034482758620689,0.5750188829778538,75.32467532467533,0.26291975018435476
THULE.ST,-0.11827199750299933,-0.012656637453747899,-0.213804832826601,59.795924595424104,-0.044566999631608595
SOP.PA,0.28311364049955423,0.03940812957793671,-0.18187102646702158,55.98886066178923,0.12031597818993345
CSG.AS,-0.31084560733887356,,,60.793101843699034,
HIAB.HE,0.17445963433594347,0.1311890404911209,0.01913183628350401,48.132776799041416,0.09363244972265017
AXFO.ST,-0.2746259170732348,-0.2317770661312728,-0.16531676222598446,32.93172296994345,-0.18513544168500173
MTO.L,-0.021652474077748396,0.01717998798212772,0.21438482938640369,54.2619062522157,0.032375444869683356
AMV0.DE,-0.03360214984848375,-0.1666666371913358,,42.677822397865036,-0.06811929227853686
KEMIRA.HE,-0.13212431802401048,-0.11832201127811437,-0.06392990184604141,58.181843402992115,-0.0969412036948839
BUCN.SW,-0.04431314623338256,-0.04325219853158058,-0.17655985597553026,67.85714285714286,-0.050111747322510336
BAKKA.OL,-0.0039096048343076895,-0.03298940117837579,0.12940931143189616,74.99999999999997,-0.03501772420768123
WIHL.ST,-0.08533579524436852,-0.1185312901390333,-0.19453548304723922,53.64237942144931,-0.11076860845535752
PAF.L,-0.04052760737096561,0.007827837772851343,1.5217955386947355,58.742197831896,0.14323785350646512
HOC.L,-0.038132324109507176,-0.11965811371283985,1.2103500689593445,56.70195254262139,0.14065560304640323
